project_id,project_slug,app_provider_id,app_provider_slug
82938517-3f47-477d-9a9c-8fe977638419,a-gmail-assistant,82d7b7f3-1f61-4197-9ca0-ab6a2b29287d,app.tsx
feb82685-6985-49c8-af31-6cfeb5c4eac3,adaptable-einstein-xqnjk,8d673051-7a12-4abc-8e48-71921312ee22,app.tsx
a85f32e6-5f36-448c-bfab-e0f34d635fc2,adaptable-jagger-zrgdz,e02f6f3b-fe76-4041-b3f3-e7eee8d7ad9a,app.tsx
6ea568fe-5ca0-4a81-819d-f033ed412be2,adaptable-poitras-llyll,a98f68df-30b1-42bf-8be0-f4ea25d13e1e,app.tsx
78ea6d7b-ac65-41dd-ab7b-7a0c5810be17,affectionate-goldstine-wliax,a6867044-312e-4078-9dbe-899ccaf1153c,app.tsx
1eaf8f2d-6195-4460-8c92-b00be43d1049,agreeable-stroustrup-yvgmb,fae3a71f-2cbc-4db0-89bf-bfa5c2895b15,app.tsx
5a9cf43e-88c0-4cf1-b4de-470ce8654ecf,agreeable-tarantino-skinj,a74409c0-0ff4-40aa-a27d-e865083d02f5,app.tsx
43611a23-95eb-4f6e-9b12-b588cdceaca0,ai-agent,f9611aff-9f39-46da-b186-ae57a85d4f5e,app.tsx
14b41b30-4058-40f4-b40d-b24f0ca15fa7,ai-agent-kitchen-sink,42a8e5a3-92a9-4262-89ec-f7b494368e5d,app.tsx
171b96e5-d4fd-48e0-b5e8-05ad68bf9e3a,ai-agent-test,b2ea8a63-0c57-47a8-a157-08de3cbfca0e,app.tsx
2b432f74-dc66-4fa1-91be-9d2d7a45f5c4,ai-chatbot-protected,11656437-3cb7-4a1c-840f-6994a0e99dde,app.tsx
847609f7-b08c-4148-9f14-c1118a4129ea,ambitious-hasselhoff-iuexd,3383f47b-bb38-4210-bc46-09438fcb2986,app.tsx
972fb5b9-4301-4fc9-a50a-5cce70bfea91,ambitious-mcclintock-hayvm,8f971e1f-00ed-498c-be48-63b1b1655676,app.tsx
f85efad0-be51-4e2a-869e-081fa12068f6,ambitious-williams-bxwdh,4ae53662-f412-49a8-b4b2-0b2f1cc94c00,app.tsx
53eef523-949e-44cc-9830-ecb99103f03b,amiable-bhabha-homvm,f100ac17-63be-4b78-b441-aa30174e6506,app.tsx
0b1e4c75-8348-4494-b6d2-21b6e0838c27,amiable-kowalevski-xvfwg,674f4d59-8d63-43da-b7d6-7f700da1288b,app.tsx
794b2ca7-2127-4e4f-810e-4e2105bb122a,amiable-ryker-yjmsx,3c95b8a7-49e8-4e1e-a280-e8557bb1abd8,app.tsx
5b322c76-cc08-4b65-ac46-bf0bbb38728e,amicable-cooper-rwckk,c82b5e7e-53a1-4c0f-98e6-63866200022f,app.tsx
590fbe12-5e35-4ca1-8cc7-598ae379d9a2,amusing-boyd-ztfiu,9a83a702-c812-4a1d-b05a-f1715d63a5dc,app.tsx
24ae43c8-b2cf-44ec-90ff-62690269879e,amusing-cori-teeep,3003e734-5c5a-402c-bc1b-5c24d3be8218,app.tsx
9e63a736-8554-4477-8ac6-83ddc2f62caa,asdf-ai-agent,f8b5866f-0190-4eec-8f21-2b94ae8dacdd,app.tsx
c97283ab-dea4-401c-82ac-e46940eea24e,asdfadf11123123,0ae368f1-f6db-4fb1-9643-a54f3f84b1ed,app.tsx
78dc8b8a-f3da-46d6-99b5-6c9907396262,brave-baracus-adnbo,35ae8ecb-ab27-40a2-9ee7-644e7e2a54fb,app.tsx
623cb546-abce-47aa-a0d9-6ad46a8d7b99,brave-einstein-cikmp,6629a9ce-516b-40c1-8793-d82465478dbe,app.tsx
a39fa424-b836-4fb8-9b0f-7c8f77ab7868,brave-jones-ufptj,fb5e6448-3ee9-439d-afc6-c25c73650947,app.tsx
3f3080fe-994a-4fb9-8850-082fb2a065b4,brave-yonath-rpvpw,a8d92b61-9329-4d40-b459-29cb64c6d27d,app.tsx
86ef4ace-5ab8-4800-b63b-cbdef010963f,bright-dude-tfnrx,9431181f-cee7-4bc9-b5df-0f60483b6ec4,app.tsx
b9f85d12-42c3-4868-b15a-e17f987a375c,bright-lovelace-nhezt,c68ea1eb-3e3a-4108-bfe7-09ba807f2567,app.tsx
fdbcc200-2b8d-44b3-bc3d-f53be5278477,bright-murdock-wjumi,008fa3a5-a8ed-438e-8872-d206aba5c224,app.tsx
f971f445-852d-463f-8f97-5f3f52a17ed1,bright-scully-cbsjv,c9af430e-fcb8-4e00-b60d-20b8e2370cd8,app.tsx
edcbeb76-c738-4577-96c6-f15b109c6645,bright-snyder-nvpev,f93b3179-8fe5-48b8-b0ff-a568a07a9548,app.tsx
4a402bd5-1c50-4a16-82d4-3854f74d2241,bright-wing-rxnwx,3c438ca5-722f-4155-9079-81fbff8e968c,app.tsx
d62ac4a9-8bb9-433d-a9be-037989a22dde,broad-hofstadter-dkcgp,536b870f-94d0-4fa9-9ca2-3189853f9195,app.tsx
40e23b60-1b51-4b1a-8d9e-83c3642d24ff,broad-kirk-aolvu,1c57b0df-9291-40ee-b77e-abea50641dba,app.tsx
2b9a3051-306d-42b5-8f39-c99163aa35ac,calm-berners-eyglt,cc3f897b-d1ba-41e4-93a3-f4d192170230,app.tsx
38b0a5ee-62ba-4eb1-9640-d719afe8d4fe,calm-mulder-uecid,2aee7462-e727-470a-bbce-8b8d5a084a6e,app.tsx
3a690731-42fe-4f14-af38-37cfa7c76621,careful-ewing-elzrr,39495559-8fcb-4a7c-b8f6-b7f417f671fa,app.tsx
0c0cf569-dc97-4973-92b7-389430eec4b9,careful-nolan-fkisq,8fe4cce5-522b-4603-8951-2f1450711ce1,app.tsx
85f95fff-fa29-4254-8449-ed0d828bd404,careful-tarantino-cqjjn,cb465361-04b1-4e06-92f9-787af2e8443f,app.tsx
cfb4c782-5ba6-41ae-8447-1e9859af5adc,charming-hodgkin-pbozs,2c03e770-f075-4602-bf11-ffd2a21b40ac,app.tsx
647b98aa-1112-41b4-9ab9-baaeca82172b,charming-liskov-sfmoh,f0f2d7b5-3fbb-4569-a112-f0776d8862dc,app.tsx
1eac37d5-7152-48cb-9172-317a936d4232,charming-watzlawik-bryep,3a732dab-1cc7-4a45-b30d-7b41348175e8,app.tsx
6ba0cf13-d07b-494c-9d9d-71175e9be870,codersociety,c2a33539-3b4d-4095-9574-b4374dbff0b7,app.tsx
d5cac173-c5f4-4b04-93ce-5483603b67c2,codersociety-test2,1a35257f-39df-43a2-88c3-59bff297f1b7,app.tsx
da219a83-a21a-497c-8a8a-affc7f7ad2eb,communicative-goodall-mgkhh,8b86b65f-debc-4582-9e3e-9d85353c429a,app.tsx
516bbfd6-0cb4-4a4e-ae91-770b37f69d2b,communicative-heisenberg-wsveg,eaec0d86-6b85-47c2-9950-82fafe289f80,app.tsx
6e686158-79f9-41be-8087-0e1caa644cd8,communicative-mulder-wojjm,55621598-9903-4d7d-98d1-2de3e2ecd724,app.tsx
84e21556-70d2-43d0-9adc-caff2a5320cd,compassionate-khorana-shods,9412cd53-e77f-4f9e-b930-82a429d6a49c,app.tsx
faac75ef-65f7-4023-b10c-610e163f5ae6,confident-hofstadter-wfzch,cf5b6f7f-b621-4496-a17f-a17e39abf0ce,app.tsx
65c1c6dd-ce9d-4a6b-8429-2101b4bfa613,confident-krekhov-jgjjc,87715726-81ef-4734-b169-fcf5cfec8ca9,app.tsx
920f4ed8-c116-444e-824b-5368ec7b3092,confident-roentgen-ijntj,6c9d6c15-9b9e-4851-9a95-468d43b3e5a0,app.tsx
9c8ee21b-2205-4732-b7af-cf87b50d070f,conscientious-meitner-wumep,f13497f0-900d-41d6-a315-7b9cda77328b,app.tsx
312a4afb-f9af-4b1c-a9d5-1569214ea393,conscientious-pasteur-laezy,1f0f405b-e6ec-4f20-a436-e77518e3324b,app.tsx
8f7ea737-90f6-4f74-aa02-d7add3ef1a71,considerate-schorer-ilics,0ba6f37e-d391-48e5-ae22-32fda26c1a45,app.mdx
8f7ea737-90f6-4f74-aa02-d7add3ef1a71,considerate-schorer-ilics,d677da57-bf0c-4d08-8d7d-bd90e1ebee73,app.tsx
3b045f63-1ab3-4f85-b7f4-6406c0172997,considerate-williams-bdbfw,0d637b6e-7e46-4504-89e6-c8c54bbd2c99,app.tsx
ee9caadc-8555-416a-baae-79d29395db9c,convivial-raman-oelzi,ffff1758-6896-48ea-97c7-39b547713553,app.tsx
f1d61e9c-78b5-4ced-971d-cf7e4f7755f5,courageous-kirch-oxche,9eb02321-b1c1-4639-92ef-ffcdcbab803d,app.tsx
424a3890-648e-4ba4-a229-3f0f519345d5,courageous-ptolemy-xitxc,9031ef53-132b-411f-bd61-86c11b7593c7,app.tsx
0fbb6022-06f5-4f57-8cc8-eabc76298e89,courteous-meninsky-yhwjn,8d0cb652-c718-45c0-bdd1-cd2ae0d8dfe3,app.tsx
a7275b9c-8e70-4c9e-928e-11edae83042a,courteous-perlman-oejat,57994eeb-30d4-4a35-9a21-4afd1f2f06f8,app.tsx
95688175-3fe3-445a-9a3a-7bda96660d35,creative-morse-tdbor,de0a844e-8352-43bf-9b43-3771d025176b,app.tsx
c4069de2-a8ee-4939-8cd0-cda7d3e5a2e2,creative-picard-oeppp,b381c1b2-135a-4834-8e06-3966ec5e5190,app.tsx
75cf3dae-077d-4f19-bc96-fa14756012d8,creative-starr-jolxg,76bf1806-f39b-49bf-a6fd-bf38d424e297,app.tsx
42d3d7eb-89d4-42af-bbb9-a53a63746632,creative-swartz-axkoz,42279f08-bd22-48f7-a34a-847b7079167f,app.tsx
b580224e-70f6-45f2-8be5-d09fadf6d246,determined-goldstine-rtsoe,80de2504-14e9-45fb-834a-b35bfc024de0,app.tsx
395f4681-77a5-4382-8710-e47e53bac8bd,determined-nobel-ynhqw,8e9de871-bbd3-484e-8181-520974c71657,app.tsx
38643367-b9a5-4b18-a921-aece6b51cb2c,diligent-bowie-myyli,6cdc754d-032f-46cc-85a2-e3f65782e476,app.tsx
7a2347e2-a55a-4e0f-aceb-d7278faeceee,diligent-hendrix-sgcbn,6c478acd-c7e9-4877-8f86-4789fc1fe9b0,app.tsx
e99bf454-1de3-47b0-9e73-f40639782411,diplomatic-brin-rdmxd,b56b9621-e70d-4179-aafa-332d271bea9c,app.tsx
274f0353-5a82-4502-bcc6-7d82ea0aa71c,diplomatic-meitner-ejxyt,bfc3efac-8d27-40d9-9904-390284b5defc,app.tsx
2253cb32-e5db-4404-9959-9ed6e59fcaf3,diplomatic-sammet-ybdpc,f5014db2-d928-4e8d-8d75-1212606050c7,app.tsx
58d7549a-7ef0-41d3-a3e7-d8d2635fef8b,disciplined-mcclintock-bsugy,81e44b28-a7b4-44bd-86a2-e963f57d2efe,app.tsx
f59d9ed0-251e-4263-80b3-8562ae1cc824,disciplined-mcnulty-egtvl,cf1b141e-cd34-4e50-a842-bb81ce1d8ca0,app.tsx
dfc44eaa-8bfc-4c22-b83b-47dd2feb249a,disciplined-ritchie-yuadq,39884daf-aa7d-41a9-bae9-a1241afd9bdd,app.tsx
1639ff3f-1102-43b8-85cf-b4a09a2a70e7,disciplined-shirley-rpgoh,1291e535-19bc-4b18-9c4a-e7c651cc77a7,app.tsx
7acd1266-cbd8-4bd1-9396-42bbcfae1238,doc-agent-template,ac6bcd1a-2a2c-4303-a37e-27b767ed0363,app.tsx
7b5975c9-60f8-421a-9029-5edc5508debb,easygoing-starr-innqz,98cafb04-9b52-455c-95c7-59a8e77cfc42,app.tsx
3917d7ef-bad4-468f-b285-ceb46a51b339,ecstatic-mirzakhani-deprf,b47b75b1-0224-45d8-8d7d-555aa899c0b4,app.tsx
1ed1a44c-f14a-4bce-a87d-04683f7dfd94,email-poc,0b8de3ee-46e5-4865-b827-fba376156de1,app.tsx
ff650c58-df21-46a2-9e11-1f264bf3485d,emotional-bartik-qwwvw,f49ab862-e9bf-4864-8c0c-1be166d15c2a,app.tsx
8c6995bc-b5f5-438d-b985-e42bdd97214e,emotional-morse-bzssi,c41fc2e9-fd38-447a-b5ae-e38de3cd2818,app.tsx
c476c18f-bda2-4998-a333-f8a1d64c033d,emotional-ryker-erwxr,0bc4bf3f-0842-4c9b-a7c2-4c64aeb62dd8,app.tsx
35ea2226-89ca-426f-a1a4-a23885c3ec0f,energetic-saha-ujasf,ab558486-7e44-4a06-9e16-afae20a3902e,app.tsx
fef726f4-7edd-4118-b7b6-b6f341c8114f,enthusiastic-lennon-cbowi,b035aa37-a033-43a5-841a-7817e759f6bd,app.tsx
3063829d-210e-4a25-9954-102ae1b3b379,exuberant-koothrappali-xgmzf,f89f452e-06bc-46b2-af7c-6a30603c0952,app.tsx
bfa85b87-4bcf-419a-96f1-8610e3d7f324,fair-spence-ebuix,fee0d184-b361-45fa-a779-6a51352b83fc,app.tsx
7bd03ddf-41bf-45b0-a95a-96b5920cb397,fearless-cobain-gpsjm,7cba18de-5eab-4f8c-a951-6aefd7f2bec5,app.tsx
0c0dc56d-5646-4b9f-82a3-6cc887b6d0cb,forceful-brin-sfnqg,3b8905ad-5605-4fec-9d05-ddb806e3e6b6,app.tsx
cf8aa11e-512f-48db-8d37-978abdcb4670,forceful-mestorf-xnlwf,41470fa3-fdd6-4447-a707-a6e9990fb1ad,app.tsx
ad950fb4-ea6f-4fb5-81fe-a3dbf5c86fe6,forceful-noether-rfpck,3b62a2b2-b45c-4840-8b5d-7ae9235c53cd,app.tsx
f52dcae8-b37c-4697-9a45-e7dac6cb0242,fortnite,47da1b7c-28f4-4cf4-92bc-8f06d10534bb,app.tsx
64ae18ea-b249-4c1a-a4e5-2879727f6a92,frank-kirch-yuyio,e8b343e2-af96-435a-a105-c16eb5abc82e,app.tsx
9f7b96ee-88a3-4892-90e3-ec0d5f48f7fd,frank-mccarthy-hytuu,204a3393-509c-4366-a611-654bfcb43d78,app.tsx
0768086a-da8d-4d7a-b417-38f63f21b9b7,frank-ritchie-fqezi,5644acc6-3078-4b92-8f98-bb8ed450d67b,app.tsx
cbf65f3e-0e65-4ed2-9da4-853472380383,frank-stinson-wgyle,153318d2-b800-4345-b7ec-cb19ce187492,app.tsx
d341b676-85c7-4a47-98a0-ba2cf0445c19,friendly-ritchie-gjuan,e11ddcec-a539-462d-ac72-69094b603789,app.tsx
67fffd40-73da-44bb-ba95-0de19a4ffcfa,friendly-sinoussi-agfrv,4ce99ba0-53ac-4660-b2ab-2624a27eaae3,app.tsx
48962bc4-30fd-4512-80da-aa9a0e4fa77d,generous-tarantino-yabgz,9db7102e-5267-4774-91de-fda536b20c17,app.tsx
ad9a7543-88a4-4950-9b8b-40cd40068bcd,gentle-franklin-mdkcs,6db1ab14-4e4c-41cf-9fd9-57b69f7c6ad9,app.tsx
28c762e5-52c1-4ad4-8520-ff374882e25a,gentle-liskov-coanu,782e9d81-f090-4a00-b1dd-b6f21e858df8,app.tsx
668dea04-c90c-43f6-b3a9-94c7dec7cd1d,github-agent,db786b96-e722-4095-b667-74043c7677de,app.tsx
ec6b6697-27e0-4226-bcc8-7c26e74cdafa,gmail-assistant,89cb7941-f3c4-4b57-8b27-e30fc5c5a993,app.tsx
7c4b801c-f326-406e-a4f7-6d2790b995c3,gmail-inbox-manager,921a8614-783d-496e-9463-2a990b178c5f,app.tsx
6006317c-bde5-4ef4-97c5-eda18671860f,good-fermi-tagci,e762cbac-349e-4928-be4e-ddefefe616d1,app.tsx
e557d771-95d8-41a5-8502-a30e17b4a258,good-payne-viygg,b5503a35-03db-4190-be13-3066c54e5659,app.tsx
aea0824b-b8ce-4d57-88d5-736a1f8e8afe,good-visvesvaraya-wpxdj,c9bdbccc-1d14-49c0-9c42-2bb3d4b0b193,app.tsx
b80c004e-ae0c-445a-91fb-736a1897192c,gregarious-lumiere-qkous,fcd3026c-fcc3-4336-bfd8-0da6fc406afe,app.tsx
4f54eadb-567a-4273-b980-00be8460db81,gregarious-murdock-tdsmq,8c8ec759-5b82-4bd3-989c-7bfb623d2130,app.tsx
830feb18-78a4-4dde-8b12-67c97c014746,gregarious-seinfeld-slxpb,93bd44b3-4ed7-4425-95df-329b71a7ad50,app.tsx
e8d74594-e747-4106-ae7c-18d246629b6a,hard-kalam-jhwgm,ab786641-aac2-4c46-8be9-84f7e07e48e9,app.tsx
e1eaa55d-9b77-4439-8f9d-e8aff44418a9,hard-mclean-yvbux,955172c2-4d86-47cb-9311-43e25788b25c,app.tsx
ab71da29-17e8-4e15-9a18-71fd96f6e8b9,helpful-northcutt-cxgzw,19e1d923-1ab9-4f07-9e2c-a491ce0b38f5,app.tsx
87b9046b-d74c-45f8-84a0-76d1d7971f67,honest-brown-qvnim,c24dc061-7b3f-4d11-ad0e-d1d1ba68a14e,app.tsx
1d22f6a2-dd44-4666-8426-fb79c3c5c5a9,honest-meninsky-wfmev,26e207d8-55e0-40d8-a389-d46f9533095b,app.tsx
995963b8-9f74-47de-b9c5-0ee7098346fe,humorous-lichterman-zuype,9a8bbc48-1896-4ac4-b6cb-69db091dd589,app.tsx
0bddee24-be3f-49c5-a927-626c1a049209,humorous-poincare-jnrai,9646d328-65a0-4699-b6f1-71f82c72dd8f,app.tsx
e1d28775-88d8-405b-8c8c-c84c94d738cf,imaginative-almeida-owwba,7e885853-0521-48c0-b562-076a26b9da42,app.tsx
d49c47ac-154f-4c8a-bd2e-96e8eae816d7,imaginative-hawking-bfcwb,fb0b83e2-a0ce-476e-be19-ff48e2ac73d6,app.tsx
4727d982-0297-4a7e-8906-0578399b7215,imaginative-stonebraker-afcev,6c6bb73c-429b-4c26-b35f-bb287e1bd3fc,app.tsx
35041d66-bcd8-416c-b8d2-01bd57f2d557,immo-agent-template,feb3c0d8-c8a0-4ced-a59b-27b3f7306c2a,app.tsx
71260055-bd1e-402c-9ee3-85de547ac59b,impartial-cray-jqntk,87c1bbe2-43f1-4773-8431-47f21d478de8,app.tsx
1a5b8eff-5de2-49da-b41a-80613eecaf4c,inbox-assistant-old,70383df8-6f8b-43c1-9d5f-33c729914471,app.tsx
b52b4871-fe3d-4373-8768-3417eeabd8d2,independent-bhaskara-dilzj,6623a8bc-43a5-43eb-b174-f41c1e0f83fc,app.tsx
04fd75cd-0ef8-4ac0-a16b-df5e7b6d4c63,independent-visvesvaraya-vuhoc,ad18e10f-5cf0-40ad-b362-9df9338bcbec,app.tsx
b66157f8-f2b0-494b-9b72-663b66549ead,intellectual-lasseter-uotwk,7ee3d37a-d76b-4bb2-a4bc-446bb2842a70,app.tsx
862e563c-b9fc-4d62-8d44-70e372b77c1b,intelligent-resig-hpbfl,065adb7f-09b8-4b72-a14b-8b68c9b43aae,app.tsx
506368e6-8a5f-4e28-bae1-d39b4a33c8de,intuitive-borg-hpzob,9853ed8d-7955-4cf2-95a9-9d6136c978ec,app.tsx
884b89c4-21bf-484b-a3b5-2bd16e52c989,intuitive-roentgen-vnosb,212281c9-0aeb-4b08-b5b2-63afb204d8a4,app.tsx
ec588719-063a-4a25-88b5-a7a03a9f05e7,inventive-blackwell-ardop,92a551c1-40ef-4fa6-9eb8-60809126bcb1,app.tsx
40470f8e-5d6b-42b8-a863-a0857082db6e,inventive-meitner-umabt,3a95e42b-6537-4464-8660-e6eff4aa800f,app.tsx
c9185fe2-4fae-4d1b-ab9c-ebabb4cc852a,inventive-musk-kkrdw,e2f4fa42-8c1a-41fb-b280-04bc41971c48,app.tsx
d59ae4ce-5105-43b5-88f2-001c6698f2ca,inventive-roentgen-hydlj,c1fe7af9-ec39-4755-a1eb-9ccd8ace10b7,app.tsx
d8358149-3e9a-416f-962e-64de8e95b2db,inventive-stonebraker-dhikq,5b50800f-008a-48c6-bd48-ad73335eb3b4,app.tsx
d9246132-953d-4b36-8c36-1066cdc9d6a6,inventive-tarantino-kwtzf,4f0bfa7a-a867-427e-9c5e-680cb87e1187,app.tsx
233b30bf-3245-46ce-ac10-876b6d0705b6,invest-pro-template,c339e25a-e19c-44bb-bc8c-fb321bbe3225,app.tsx
555471a5-5b22-4b69-9a64-79491b3f6af1,jira-ai-chat,c5c6aa9b-652d-4f7c-9c99-e753fd869862,app.tsx
e64ed07c-c711-40e9-90ff-0f320d11b860,jira-chat,36db2ad3-f711-4ee4-ab62-b6cf908e3b7a,app.tsx
85fbaf72-8bc8-4f42-9071-551dacae5a1b,jira-chat-assistant,c558b3b3-5d6a-4b51-a071-a2cc50610336,app.tsx
c012b6c9-22c4-4c69-ab24-1e2a9b5d93b9,jira-chatbot,b37f3fae-59f9-42f5-a4cc-071b4a2f1123,app.tsx
9304f151-b159-4ee1-b1e9-0f93d5bd6939,jira-chatbot-assistant,3c2588b5-695c-4905-ab43-29cc9b50d43c,app.tsx
332d5fea-ec9e-448a-90fc-d44d5a123fba,loving-austin-abdsc,114e8983-64c0-4b1d-ab1a-64c4a9298920,app.tsx
d5ad15f6-6a1e-4a04-ac7b-09c9926633f5,loving-panini-tqwao,d9a0c2c6-4bf3-47b1-9f95-2daa1de7e998,app.tsx
c17694ba-a7da-4f92-b2bf-45132234e937,loyal-berners-fbkhp,6bca4de3-7a75-4b46-a738-4dbe455159fd,app.tsx
072e2aa5-d04f-437c-b3b9-6298cf8c3174,loyal-lasseter-iuiev,3336db5c-48bc-4122-897c-a9fc59cc25d6,app.tsx
fe040b07-2f1c-4a7b-a330-91f85e6b76a5,modest-bohr-gmuzu,abb12dfb-b951-4833-9b59-e19d3cbfd9eb,app.tsx
397ca4b1-316b-48d9-859a-f5def3e04417,modest-ritchie-aghyv,c63c6a94-03a7-43f5-a027-1df1a38e936f,app.tsx
38531cf1-1f5a-4c68-bdad-f1c3a81cdd9d,modest-sammet-zetoe,006f77b5-d5dd-4abc-88a0-9137e61e546d,app.tsx
976c3050-ec65-4457-94c8-ee33736cc560,modest-schorer-iaozm,016b1805-0569-41b9-a8de-ea57bf256769,app.tsx
1b722142-48f5-4421-81ad-3456875a6234,neat-raman-xbtpa,49546c85-967c-49be-adfb-9d1487ffed1e,app.tsx
f8f03564-63e7-4cce-b88b-3d58c1bf8a3a,nice-durden-virwy,a84d305a-627b-43bf-a35f-1235490bef11,app.tsx
64f578f5-e3df-4997-b5b7-5f61efe4d446,nostalgic-hofstadter-nqenq,d1825384-88da-4926-bbf3-266e2999dbb8,app.tsx
7ee75415-8590-472d-9d7d-01991bbfdae0,nostalgic-noyce-blyii,4e93ef67-0217-4626-a8eb-38d11ac16061,app.tsx
f4354adf-fe58-4bc3-9a7d-b789c570c508,nostalgic-ride-hgzfd,9e70e2ca-2ad6-47cc-b409-0a0d75ee6c7b,app.tsx
f9b36fa5-f9f3-43ad-b0fc-5cf80a3d7c3a,optimistic-nobel-yvrfj,a52c8bee-a04f-407b-a344-fee7bae02091,app.tsx
c1482696-c7fd-41db-b481-b82e2d410c61,outlook-agent,4b956481-0da2-4901-9181-35b2358b9ead,app.tsx
f72ad4e4-d3dc-4b4f-a2c5-71ed83759339,passionate-bell-grrmx,46e2adfe-bd40-4ea8-8907-bd7a86af030a,app.tsx
b36d24a3-d8a1-4738-8a55-ee69e6d74a91,passionate-kubrick-xuoya,0c0a5d02-02f5-4d1f-85b3-f04983989827,app.tsx
58280afd-f749-405c-9da6-bbc37ba97c8c,passionate-mcclintock-geige,234e4268-23e7-4c7d-84ac-93551a24c00d,app.tsx
b3f26446-c797-428b-8fc4-3c5a57960139,patient-babbage-uivug,1e374007-08b6-46e8-b6c5-fd28974cd2fb,app.tsx
4ff3ba39-0869-407f-8a7b-9dd6fde05c5a,patient-curie-mjnmb,aa896f1c-53b8-4a9d-9240-fb76e508d9d5,app.tsx
4c5d829b-4d86-415e-916a-2d59aa2f3dc5,patient-feynman-leqch,b58be4bd-7a71-41b4-adba-6a2aba5d7ccd,app.tsx
2c9f724e-36a0-43d3-884b-8d09aac23c47,patient-saha-uygcj,1c80dac4-ac6c-4a98-a992-e025549115d1,app.tsx
9fda1921-3550-4c8c-b682-0ef2eea712a8,patient-wayne-kdeii,93143290-7e3f-4c91-9e3d-264b2d227e1e,app.tsx
4f3dab34-fb85-4087-b6a0-16f0615bf37f,persistent-jepsen-hbhap,55a5c8a6-34e9-408d-98c9-da7e9d9cf14f,app.tsx
f2bc92b8-1ac4-41d3-b987-916d9d58c493,persistent-stinson-rcptz,759c0b46-09c9-4f3b-97ed-79519a1a13ad,app.tsx
751b7569-70a8-494e-b58b-48f9a2296d0c,persistent-stonebraker-utjuj,1da6da33-99e9-4a40-8a75-3dc6d4f268d9,app.tsx
c5b4ae25-9b69-47ec-8635-ef6d489afe18,philosophical-hoover-tbora,ccc8cbd3-d3a6-4ccf-a115-0c8281936af8,app.tsx
979827d2-b175-4f95-8f4c-34f901498ab1,philosophical-hugle-ujvnb,2edee10b-3ca8-40fa-a76e-f24828ea27b4,app.tsx
e38e39ac-cb63-437c-aefc-aae32bf5e8d4,philosophical-richards-vvtmv,a8a1e3a5-d619-4e33-9bcb-9b5f8332f57b,app.tsx
3e698e51-39dc-40b2-a7c4-d98ec21e003e,pioneering-lumiere-gbxoz,360e2857-87dc-44c4-a244-2b55c34ab47a,app.tsx
fccaa867-4674-4079-a13b-33d86834c48b,pioneering-ryker-shpzr,5ce0e8bc-5705-4933-b356-604a3399a07c,app.tsx
dfd4f87d-25f3-47d5-a434-815e5d31516a,pioneering-varahamihira-fmozn,4b240dca-9406-4625-be03-7bbe0f8cff0e,app.tsx
aa5a723e-8366-48b0-8336-74127ba4fe88,pioneering-visvesvaraya-qbfyl,e39dfb88-549d-4ff8-8481-bcc6c5454cb8,app.tsx
652c019c-a3ca-475f-97c1-db20c0f61400,placid-aryabhata-rgubx,74f6617d-f157-4b2f-8390-4cfda11bc69c,app.tsx
2c8a470d-48db-4dda-ae67-10045c3cccf6,placid-tesla-ltwyn,69ad7f64-e2ec-4e7e-a794-a79b44cee99e,app.tsx
713bb914-4d7b-4d5e-8c91-630523227b1f,plucky-elion-zgusw,fbe95c15-45b1-4d1a-964f-1fce9c47ed27,app.tsx
985a763e-ef7a-492d-ae55-2180438bf2ed,plucky-jagger-xqsoh,f7f0c5bf-16ae-4716-87ef-0b8cc7e7bdcc,app.tsx
2c3dc18d-6d0b-4855-ab58-62ad8a23b886,plucky-spence-durlx,1efba4cc-4965-492e-935e-87f91c806eaf,app.tsx
e922a494-0804-4f9b-9668-10ffefadf672,polite-dijkstra-beklo,0dee78f1-8096-4492-bd83-834364d62f0e,app.tsx
15bfcce5-6c44-42cb-bd43-732852ae458c,polite-skywalker-adaih,fb2b8d7d-e915-4073-8a28-884ce1b38c87,app.tsx
22f686c8-8ba6-495d-a874-3bdabbbdbb6c,polite-volhard-zcecn,8ae02172-b930-428c-86ce-93fc1a3d3174,app.tsx
0b602636-68fa-4c6f-809f-fc5ee49c8fd1,powerful-solo-zdpme,538043b6-4713-4b2a-91f6-5490eee826df,app.tsx
99fe2b38-b4f0-4803-958e-dda3ad6ff190,practical-swanson-isvta,9c75ac3b-9a3d-42e4-91a7-174f76456444,app.tsx
0ebd823a-fbbb-4d3e-bd03-2163562c91c8,proactive-vega-dpigo,84ab200f-9cbd-44c5-a16f-588decf5b490,app.tsx
85596a15-b86f-44e0-badf-599030edecb2,quick-einstein-gguxw,0fdb3833-c6ed-4555-a6fb-a59625b60be6,app.tsx
dbea24a7-8b64-4fc2-b3fb-2230acfd2f5d,quick-engelbart-lbnsy,b0e9fa58-b0b0-445a-827f-ed5861119121,app.tsx
b35dc3c0-2b7f-485b-a517-1115d2171d6d,quick-hendrix-xjnaw,a5ee7014-848d-43d1-bdae-3e44782d42d6,app.tsx
e7373fac-8445-42fb-a847-0c5eee6736d2,quiet-torvalds-wiyzf,0223728c-cf4f-4df2-b859-7d1292411758,app.tsx
a72cee32-8126-4dd5-a5dc-a3d5424a3f11,rational-darwin-cewzj,0bb01eff-2676-4eac-b386-ec7ed1726063,app.tsx
8ebba031-1b72-40bd-bf32-172c741d34c5,rational-koothrappali-oguva,09bdbeba-afbd-4cec-b666-89c56be3c22c,app.tsx
dcf4f958-11eb-4f41-962d-ac7b38b5a489,rational-raman-lphgw,ec501935-842f-44d1-952b-b07fd2165634,app.tsx
bf8887d9-a913-448e-a60f-01c72573b446,react-query,752acda8-b892-4484-9486-db27088e5259,app.tsx
59e2305b-0d14-444f-8fa3-1431bd05d9ff,reliable-hendrix-ixdgz,78918bf2-7dc8-469e-ad0e-11130c6c8d43,app.tsx
77df92e8-e3df-40d0-af35-2032647f2fa1,reliable-lasseter-yqtch,a8f59c4e-5010-413b-abc2-1044198ee455,app.tsx
4381d54e-fa29-4b3e-95f7-8e43a660a07d,reliable-mccarthy-njnoh,a9f77a1f-02b2-40a9-91fb-67e830d5e401,app.tsx
0f985a85-bebd-42ce-8563-00e60f136bf7,reliable-solo-zxibl,139b6316-8e37-47cf-b20f-7bba10f41773,app.tsx
5ddb71bf-3eda-45ac-8c42-fab672d4cc0e,reserved-harrison-zfjil,fb8028b1-ef26-42f1-8916-d1d0d46ba412,app.tsx
fe2da300-39d0-486c-b8e3-cb329408fbfc,reserved-krekhov-yztqc,3fe91be1-ddd3-4049-a4df-6e65957190c9,app.tsx
734b8876-762c-4d39-9b68-db3e5ecabedd,reserved-lamarr-qzeut,5a693ab0-de37-4a6d-83a9-009e163920c3,app.tsx
9d883bd0-7d0b-4dc3-b65a-1c73d5d43644,resourceful-franklin-jicpd,3d39539d-5a00-450c-a386-32267a9d0f8f,app.tsx
dc68ff04-63bf-4cbf-a33a-c224da5452db,resourceful-mccartney-ojitl,facf2d07-8159-4f70-a8fb-a1612560bb25,app.tsx
c0dd15d2-a06e-4a54-b229-59458beb70d2,resourceful-starr-apysh,7bb9b334-d2fe-4539-b67d-e280b73a6c34,app.tsx
4a1acf9f-8120-4cda-90ed-75258848a6c1,romantic-hamilton-mrhjf,ba243209-176d-4404-b3eb-8f8f5052ada9,app.tsx
a1c6a854-6893-4e45-be86-4270eb28cd6c,romantic-shirley-kzgvx,595da88a-b6b6-4481-ad75-c70aaaf0dcc6,app.tsx
be239e82-52ea-4368-b3d5-c4d2e4d4574f,romantic-solo-qmnja,23159e4a-7dac-4897-b6bf-ec4e2a3b25c8,app.tsx
bbfce553-1401-4931-8a27-0ab9529b6dc4,sensitive-ewing-bsppj,8b6c1555-fca4-41fe-bcce-50a4bf84898b,app.mdx
bbfce553-1401-4931-8a27-0ab9529b6dc4,sensitive-ewing-bsppj,4b560238-7dfb-4cc0-b4d0-c705501527d6,app.tsx
89cb1165-d3b0-4c01-9f16-ab77832b737a,sensitive-kowalevski-xdont,5f97fa71-a542-456e-b902-5a256773d641,app.tsx
687a8438-f6df-4248-a62f-549bfb735674,shy-bhaskara-xmkun,2f90a593-70d3-4d19-93b7-64476d0a82b6,app.tsx
d3db66ae-097a-4c93-afd3-25430847d5b7,shy-shockley-ujfur,ea79c0bf-7e12-472d-9859-d302b5aeff35,app.tsx
17d46163-d9bd-43b5-8732-c12a9a94b513,shy-spielberg-uzkop,d2e895a0-d011-440f-8fcb-e45d207f5573,app.tsx
37892d95-73c6-4a51-9780-883c9641b7a2,sincere-brahmagupta-qjygi,2a029029-5096-45a4-965c-4a1cf8325754,app.tsx
25980f9e-38f7-40da-9da8-13414a3b760e,sleepy-banach-puphg,284848e5-1623-4569-9930-2bfe0f6f5e02,app.mdx
25980f9e-38f7-40da-9da8-13414a3b760e,sleepy-banach-puphg,e197bbc9-5a0a-4315-b2db-b43ba19489b3,app.tsx
8aaa8022-216b-42df-b7df-82039d787fa7,sleepy-hodgkin-atdfy,32dc01a9-b21c-4e74-9df1-0a0d3aed91d8,app.tsx
384198ee-c286-4c8f-a76e-5da107002a91,sociable-almeida-fnzvk,f5eb04e0-4418-4a47-b35b-5503ca73b240,app.tsx
6a8a9211-0e5d-4483-8d6b-1ebc62160a40,sociable-cori-hxdhu,a19e617e-29d6-4dbd-9f06-981f77f33a08,app.tsx
28fe4918-98da-4f5e-82ec-cc17614bc3e3,stoic-schimdt-jckpb,9138dd83-06a2-4c37-af78-2f7404ac0316,app.tsx
5696bea0-e959-4875-8d42-b2e1c1e7407c,straightforward-durden-qnghp,3481eb37-e731-478d-9827-b2735d32c1af,app.tsx
962586a2-8ee7-4b82-a5d7-5ebf3c26e7a0,straightforward-morgana-cnozg,144a3875-e9a1-407f-b870-f0fd711bad79,app.tsx
df6753d8-4ffa-4cba-8ea9-a4c0cdf48ec6,suspense-data-fetching,a40fa3a8-444f-46a7-b620-b4b204865084,app.tsx
4cd31d7d-3bae-4ea1-ad45-3ef17cfb7981,test,9b9f95b6-757b-4f0a-9b17-4ff25543a076,app.tsx
8b67518f-0636-4a0e-84c8-2d65db6f7f01,thirsty-resig-jivqi,dc2c702e-65ef-4925-8abb-a5ad1836dc71,app.tsx
b25ec486-a9f1-43d1-8f5c-8ead25cf003d,thirsty-yonath-kyesm,29c3b384-d8b1-40df-af57-d5f4756b5b8b,app.tsx
05aade32-b6e1-4ce2-bd1c-2cb2685b693b,thoughtful-lasseter-wvhee,a6b4ded5-f475-4330-895f-15ca17f26682,app.tsx
61ceb044-aa50-461d-b77c-f57bc9e4af8b,tough-dijkstra-wflmu,5879f2ca-2ea4-488f-8111-168b0eb078fd,app.tsx
c8203318-ee4b-4896-ae66-56a4de8e83b0,tough-dijkstra-xfiqq,6ea1e49f-8298-4e49-a9bb-37df557b55b8,app.tsx
5066bd2e-fa69-445b-a6c7-278e73a6c6eb,uiui,10d6b11e-891f-4633-85fa-4eab779d2192,app.tsx
de052c60-c14c-41c7-acc6-a3755780ca88,unassuming-albattani-htprs,b1217ba6-1688-4cd0-a865-42597692a9d1,app.tsx
b132651d-4058-4652-8818-ffe15936257c,unassuming-dude-trnxl,1c1f21a4-bb6b-4f3e-a857-76ee83925292,app.tsx
560324b9-bfc7-4ff7-9f58-a28dae109736,unassuming-jepsen-muhnh,39dd4382-2804-4333-ac9a-83d38f7f986f,app.tsx
e24f5aa2-537e-49a9-bbc6-e1ebaa248887,unassuming-skywalker-xbuvl,feecf3c1-a772-403f-80ab-7939bd37565b,app.tsx
5b74466b-ad05-4594-82f6-8ed08ad1c37c,veryfront,3d3c72d0-d909-4b1c-b4ba-5dbdcc1785f1,app.mdx
5b74466b-ad05-4594-82f6-8ed08ad1c37c,veryfront,9c0ab0f8-4933-4a91-be25-1d21d93a33a8,app.tsx
f978b8bd-645d-4b4c-a0dc-45e093a9887c,veryfront-framework-test,5fb89bd9-53a7-407a-ab24-fe784a9cf541,app.tsx
5819f579-64f6-4452-a306-dd16d7ccc296,veryfront-test,363849d2-46d2-46ad-9986-fad43dfb3cb3,app.mdx
5819f579-64f6-4452-a306-dd16d7ccc296,veryfront-test,e747cea7-3698-46db-ad47-af164c1272a0,app.tsx
53e77ff5-0ebc-441e-89c7-00e1d85f4909,veryfront-test-2,e603b8ac-3fb1-4a44-858b-73572f8b5561,app.mdx
53e77ff5-0ebc-441e-89c7-00e1d85f4909,veryfront-test-2,68799c91-9d64-4e88-a0cd-6a46bb82e274,app.tsx
73eb075c-0ed6-482c-827f-1ead28cf50f2,warmhearted-jang-isnvi,a078875a-d6b9-466a-ad83-77dd93177b89,app.tsx
a39b6b7b-3ff4-43c1-bedd-2f0882473d01,willing-solo-hlioe,b63e2f38-8583-43e0-94de-4a820f539dc8,app.tsx
40388169-26c6-48b3-b418-f69c56e16f37,willing-wing-tsorf,0f3fd7db-1fd1-40ab-b975-d8f81cb096b4,app.tsx
d9671ab6-71ea-49c0-98d2-331b583d1935,witty-newton-dbrfy,31f3988a-ea43-46f6-95ca-d00d9184a3e0,app.tsx
89e164c3-a9a5-4976-b9a4-e4320cadc50f,witty-wozniak-xhcut,87ed0925-c266-41fe-82e5-7c531a7e2060,app.tsx
